{
  "server": {
    "privateKey": "ODNLD97eMi6jeZvy4w+G5ApAPMVtIVR1Hxl2bKPePHk=",
    "publicKey": "cm+jlz8GK6fmmn3BLX1fsfodszqoz1T7MN7wd32Uaz0=",
    "address": "10.8.0.1"
  },
  "clients": {
    "7f18a60c-af3a-4e36-be06-e3ebc9a013b4": {
      "id": "7f18a60c-af3a-4e36-be06-e3ebc9a013b4",
      "name": "ClientVPN",
      "address": "10.8.0.2",
      "privateKey": "UOV1uhPQVOlLEdN7Y5WuMrnI9Yn83J0OS9zLYfLqhkw=",
      "publicKey": "sgEUIHmI/o6AmzwqBqqp7W7+DwCpjwTYXG4Fjut+tUI=",
      "preSharedKey": "OmypPAYNqSAB5LfC7WUUIyn9718H5rYx7QFQpUN9iV4=",
      "createdAt": "2025-12-14T16:30:37.508Z",
      "updatedAt": "2025-12-14T16:30:37.508Z",
      "enabled": true
    }
  }
}